{
  "_note1": "KEEP THIS FILE! Check it into a version control system (VCS) like git.",
  "_note2": "ObjectBox manages crucial IDs for your object model. See docs for details.",
  "_note3": "If you have VCS merge conflicts, you must resolve them according to ObjectBox docs.",
  "entities": [
    {
      "id": "1:8577921925962329132",
      "lastPropertyId": "2:5232191579991675560",
      "name": "Second",
      "properties": [
        {
          "id": "1:6967007675200439425",
          "name": "id",
          "type": 6,
          "flags": 1
        },
        {
          "id": "2:5232191579991675560",
          "name": "name",
          "type": 9
        }
      ],
      "relations": []
    },
    {
      "id": "2:6647434058635969284",
      "lastPropertyId": "2:1273037566979219464",
      "name": "YourDataModel",
      "properties": [
        {
          "id": "1:7887713066555158294",
          "name": "id",
          "type": 6,
          "flags": 1
        },
        {
          "id": "2:1273037566979219464",
          "name": "name",
          "type": 9
        }
      ],
      "relations": []
    }
  ],
  "lastEntityId": "2:6647434058635969284",
  "lastIndexId": "0:0",
  "lastRelationId": "0:0",
  "lastSequenceId": "0:0",
  "modelVersion": 5,
  "modelVersionParserMinimum": 5,
  "retiredEntityUids": [],
  "retiredIndexUids": [],
  "retiredPropertyUids": [],
  "retiredRelationUids": [],
  "version": 1
}